participant_id	age	sex	hand	weight	height	group	species	bci_experience
sub-1	27.47	n/a	R	n/a	n/a	healthy	human	n/a
sub-10	27.47	n/a	R	n/a	n/a	healthy	human	n/a
sub-11	27.47	n/a	R	n/a	n/a	healthy	human	n/a
sub-12	27.47	n/a	R	n/a	n/a	healthy	human	n/a
sub-13	27.47	n/a	R	n/a	n/a	healthy	human	n/a
sub-14	27.47	n/a	R	n/a	n/a	healthy	human	n/a
sub-15	27.47	n/a	R	n/a	n/a	healthy	human	n/a
sub-16	27.47	n/a	R	n/a	n/a	healthy	human	n/a
sub-17	27.47	n/a	R	n/a	n/a	healthy	human	n/a
sub-18	27.47	n/a	R	n/a	n/a	healthy	human	n/a
sub-19	27.47	n/a	R	n/a	n/a	healthy	human	n/a
sub-2	27.47	n/a	R	n/a	n/a	healthy	human	n/a
sub-3	27.47	n/a	R	n/a	n/a	healthy	human	n/a
sub-4	27.47	n/a	R	n/a	n/a	healthy	human	n/a
sub-5	27.47	n/a	R	n/a	n/a	healthy	human	n/a
sub-6	27.47	n/a	R	n/a	n/a	healthy	human	n/a
sub-7	27.47	n/a	R	n/a	n/a	healthy	human	n/a
sub-8	27.47	n/a	R	n/a	n/a	healthy	human	n/a
sub-9	27.47	n/a	R	n/a	n/a	healthy	human	n/a
