onset	duration	trial_type	value	sample
6.344	5.0	rest	1	1586
13.232	5.0	right_hand	2	3308
20.12	5.0	rest	1	5030
27.024	5.0	right_hand	2	6756
33.896	5.0	rest	1	8474
40.78	5.0	right_hand	2	10195
47.684	5.0	right_hand	2	11921
54.572	5.0	rest	1	13643
61.46	5.0	rest	1	15365
68.344	5.0	right_hand	2	17086
75.232	5.0	rest	1	18808
82.116	5.0	right_hand	2	20529
89.02	5.0	right_hand	2	22255
95.892	5.0	rest	1	23973
102.796	5.0	rest	1	25699
109.68	5.0	right_hand	2	27420
116.552	5.0	right_hand	2	29138
123.44	5.0	rest	1	30860
130.344	5.0	rest	1	32586
137.228	5.0	right_hand	2	34307
144.1	5.0	right_hand	2	36025
151.004	5.0	rest	1	37751
157.892	5.0	rest	1	39473
164.776	5.0	right_hand	2	41194
171.664	5.0	right_hand	2	42916
178.552	5.0	rest	1	44638
185.44	5.0	rest	1	46360
192.324	5.0	right_hand	2	48081
199.212	5.0	rest	1	49803
206.096	5.0	right_hand	2	51524
212.984	5.0	rest	1	53246
219.888	5.0	right_hand	2	54972
