name	x	y	z	impedance	type	material
FP1	-0.03090258833242555	0.11458517879242798	0.02786657432908913	n/a	passive	Ag/AgCl
FPz	-0.0013373295593324837	0.11910179592059784	0.032889903640768506	n/a	passive	Ag/AgCl
FP2	0.028409495337624727	0.11534630990164213	0.027721257722525875	n/a	passive	Ag/AgCl
AF1	-0.01994388148428521	0.11279005934070842	0.06777204052008248	n/a	passive	Ag/AgCl
AF3	-0.035186007467538326	0.10912956509481905	0.05643921471178484	n/a	passive	Ag/AgCl
AFz	-0.0012373820739330513	0.11373993357805418	0.07038366398270277	n/a	passive	Ag/AgCl
AF4	0.0342298581732583	0.10981127208682755	0.05711667432352483	n/a	passive	Ag/AgCl
AF8	0.05422546199477661	0.09983162030235374	0.02491507170177448	n/a	passive	Ag/AgCl
F7	-0.07187662505917264	0.07310352742670875	0.025790455878913307	n/a	passive	Ag/AgCl
F5	-0.06605408347001591	0.08023977920903824	0.053771079274628375	n/a	passive	Ag/AgCl
F3	-0.05180903841183724	0.08668789888287941	0.07871409302883386	n/a	passive	Ag/AgCl
F1	-0.029043947159812532	0.0914484772511269	0.09661865029442043	n/a	passive	Ag/AgCl
Fz	-0.001229271161566281	0.09327445200029715	0.1026392934768164	n/a	passive	Ag/AgCl
F2	0.02796791320013783	0.09186996574934479	0.09577991837531276	n/a	passive	Ag/AgCl
F4	0.050274277731628736	0.08743838910239796	0.07727065434234194	n/a	passive	Ag/AgCl
F6	0.06633134168869542	0.0815289669916695	0.05311627938005649	n/a	passive	Ag/AgCl
F8	0.07143526925150917	0.07450512647808137	0.025101027393177114	n/a	passive	Ag/AgCl
FT9	-0.08579654162522977	0.043081704721957007	-0.011575675838444974	n/a	passive	Ag/AgCl
FT7	-0.08248931089002047	0.04484873806704516	0.027680584654190814	n/a	passive	Ag/AgCl
FC5	-0.07890597635539306	0.05136738419239063	0.062962347939219	n/a	passive	Ag/AgCl
FC3	-0.06185233708120759	0.057133285360774055	0.09376582882952159	n/a	passive	Ag/AgCl
FC1	-0.03571586037883836	0.06171405984105545	0.11798301537735345	n/a	passive	Ag/AgCl
FCz	-0.0012714263028658717	0.0634597921290682	0.12657198384237103	n/a	passive	Ag/AgCl
FC2	0.033130982370817734	0.06182848606183057	0.11678169813445419	n/a	passive	Ag/AgCl
FC4	0.06062548180278077	0.05770742045738668	0.09379461804488001	n/a	passive	Ag/AgCl
FC6	0.0778466192866476	0.05209881120036266	0.06286710628925257	n/a	passive	Ag/AgCl
FT8	0.08010432710058435	0.04555358224385677	0.027412390613797664	n/a	passive	Ag/AgCl
FT10	0.08239065410825243	0.042274914953263736	-0.011673128497880748	n/a	passive	Ag/AgCl
T9	-0.08772225929980831	0.01286265634487577	-0.007711907574580498	n/a	passive	Ag/AgCl
T7	-0.08598207795805729	0.014871638175652204	0.031173373739044698	n/a	passive	Ag/AgCl
C5	-0.08208529873125733	0.01929362757100219	0.06948966772818678	n/a	passive	Ag/AgCl
C3	-0.0671487229331174	0.023358230537446293	0.1045106810602483	n/a	passive	Ag/AgCl
C1	-0.03793782383476591	0.0263374518138683	0.1297706088883019	n/a	passive	Ag/AgCl
Cz	-0.0013741334028190722	0.027617093595102737	0.14019949417439556	n/a	passive	Ag/AgCl
C2	0.03589271692022557	0.026358138278001507	0.12841234097161083	n/a	passive	Ag/AgCl
C4	0.06532888071838541	0.023573104961569495	0.10369243420047652	n/a	passive	Ag/AgCl
C6	0.08165316938062157	0.01969565941729637	0.06948180710556634	n/a	passive	Ag/AgCl
T8	0.08326136985759491	0.015258189278681375	0.030972968524059938	n/a	passive	Ag/AgCl
T10	0.08372876813455443	0.011721634432148732	-0.007669869674863571	n/a	passive	Ag/AgCl
TP9	-0.08755583336151591	-0.017629022106438536	-0.0034024089114879225	n/a	passive	Ag/AgCl
TP7	-0.086757277911408	-0.014950977153944691	0.03515865615909791	n/a	passive	Ag/AgCl
CP5	-0.08151351110863697	-0.01334569381422213	0.07313262712367305	n/a	passive	Ag/AgCl
CP3	-0.06547223352095873	-0.011896603418787375	0.10777792004226631	n/a	passive	Ag/AgCl
CP1	-0.03742512541749303	-0.0108242377168398	0.13344371157184132	n/a	passive	Ag/AgCl
CPz	-0.0015249049095034388	-0.010518376385192287	0.1415491439762969	n/a	passive	Ag/AgCl
CP2	0.036471959575241124	-0.010903791502932452	0.1328122726312171	n/a	passive	Ag/AgCl
CP4	0.06469625505180063	-0.011991175153616248	0.1077128709239866	n/a	passive	Ag/AgCl
CP6	0.08140110772413488	-0.013462042634867968	0.07336367003861291	n/a	passive	Ag/AgCl
TP8	0.08362232277947577	-0.01508566987716373	0.035057696834785955	n/a	passive	Ag/AgCl
TP10	0.08422219947294665	-0.018769079573898475	-0.003534771527957052	n/a	passive	Ag/AgCl
P9	-0.07504185370163166	-0.04461433356810092	0.002842148832062047	n/a	passive	Ag/AgCl
P7	-0.07445796452347851	-0.04212316495850575	0.04127363138738122	n/a	passive	Ag/AgCl
P3	-0.0550382318026169	-0.044210304662340896	0.09990897692200876	n/a	passive	Ag/AgCl
P1	-0.03065361671214898	-0.0449273871112134	0.119472045379713	n/a	passive	Ag/AgCl
Pz	-0.001709445046746896	-0.045212993324122014	0.12667292418209622	n/a	passive	Ag/AgCl
P2	0.02988639367294514	-0.04503254211011841	0.12074781507025116	n/a	passive	Ag/AgCl
P4	0.05363601546337514	-0.04433452185507687	0.10051602773215099	n/a	passive	Ag/AgCl
P6	0.06586061936218297	-0.043338515400606556	0.07194130862688103	n/a	passive	Ag/AgCl
P8	0.07103247088902218	-0.042259976012095204	0.0411988627819509	n/a	passive	Ag/AgCl
P10	0.07185895479024813	-0.04577311942074738	0.002655786411089378	n/a	passive	Ag/AgCl
PO9	-0.05702818642024107	-0.0686054001769245	0.009741093694958226	n/a	passive	Ag/AgCl
PO7	-0.05694862114459298	-0.06592324642051975	0.047907438021991204	n/a	passive	Ag/AgCl
PO5	-0.05053530095486871	-0.06669108891499634	0.06678691497493189	n/a	passive	Ag/AgCl
PO3	-0.03862460152585547	-0.0673615830694722	0.08241555265208235	n/a	passive	Ag/AgCl
POz	-0.00189982442989459	-0.06805409916590743	0.09590999936124336	n/a	passive	Ag/AgCl
PO4	0.034667793322282536	-0.06766213598039732	0.08164652939132529	n/a	passive	Ag/AgCl
PO8	0.053557322892856016	-0.06641693688532627	0.047850975850466874	n/a	passive	Ag/AgCl
PO10	0.05286893942663136	-0.06904689883797926	0.009667772074864633	n/a	passive	Ag/AgCl
O1	-0.03157355787465608	-0.08056835212663661	0.05478964562404762	n/a	passive	Ag/AgCl
Oz	-0.0020602461029908406	-0.0827829905012281	0.06073663060773575	n/a	passive	Ag/AgCl
O2	0.027683100559624117	-0.08048883980936473	0.0547340814777941	n/a	passive	Ag/AgCl
O9	n/a	n/a	n/a	n/a	passive	Ag/AgCl
IZ	-0.0021840157694390763	-0.08858648372126424	0.02327016673235542	n/a	passive	Ag/AgCl
O10	n/a	n/a	n/a	n/a	passive	Ag/AgCl
